"CATEGORIA";"UNIDADE";"PRODUTO DE VENDA";"VENDA DE FRENTE DE LOJA";"VENDA DELIVERY";"CANCELAMENTOS C/DESPERDICIO";"SAIDA TOTAL";"CUSTO";"CUSTO TOTAL";"RECEITA FRENTE DE LOJA";"RECEITA DELIVERY";"VALOR CANCELAMENTOS";"VALOR TOTAL S/CANCELAMENTOS";"CANCELAMENTOS S/DESPERDICIO";
"ADICIONAIS";"LIFEBOX - SETOR OESTE/ GO";"AD DE BATATA FRITA";"117";"0";"11";"128";"2,66";"340,48";"1070";"0";"105";"1.069,99";"1";
"ADICIONAIS";"LIFEBOX - SETOR OESTE/ GO";"AD CEBOLA ROXA";"12";"1";"0";"13";"0,19";"2,47";"36";"3";"0";"39,00";"0";
"ADICIONAIS";"LIFEBOX - SETOR OESTE/ GO";"AD SUMO DE LIMAO";"52";"0";"0";"52";"0,29";"15,08";"104";"0";"0";"104,00";"2";
"ADICIONAIS";"LIFEBOX - SETOR OESTE/ GO";"AD FRANGO EM CUBOS 200G";"6";"9";"2";"17";"5,09";"86,53";"120";"195";"50";"315,00";"46";
"ADICIONAIS";"LIFEBOX - SETOR OESTE/ GO";"AD NUTELLA";"3";"0";"3";"6";"1,07";"6,42";"15";"0";"15";"15,00";"2";
"ADICIONAIS";"LIFEBOX - SETOR OESTE/ GO";"AD CHEDDAR CREMOSO";"12";"17";"0";"29";"1,64";"47,56";"86";"153";"0";"239,00";"2";
"ADICIONAIS";"LIFEBOX - SETOR OESTE/ GO";"AD BRIGADEIRO DE CHOCOLATE";"3";"0";"1";"4";"2,41";"9,64";"30";"0";"10";"30,00";"0";
"ADICIONAIS";"LIFEBOX - SETOR OESTE/ GO";"AD OVO";"73";"105";"11";"189";"0,55";"103,95";"222";"523";"32";"745,00";"45";
"ADICIONAIS";"LIFEBOX - SETOR OESTE/ GO";"AD BOLONHESA";"2";"2";"1";"5";"3,73";"18,65";"36";"42";"18";"78,00";"0";
"ADICIONAIS";"LIFEBOX - SETOR OESTE/ GO";"AD BACON FATIA";"83";"124";"2";"209";"2,87";"599,83";"586";"868";"14";"1.454,00";"5";
"ADICIONAIS";"LIFEBOX - SETOR OESTE/ GO";"AD BACON CUBOS";"20";"12";"1";"33";"2,75";"90,75";"125";"114";"7";"239,00";"1";
"ADICIONAIS";"LIFEBOX - SETOR OESTE/ GO";"AD HAMB SMASH  80G";"2";"0";"0";"2";"1,38";"2,76";"27";"0";"0";"27,00";"7";
"ADICIONAIS";"LIFEBOX - SETOR OESTE/ GO";"AD HAMB FRANGO 150G";"4";"0";"4";"8";"2,98";"23,84";"40";"0";"40";"40,00";"3";
"ADICIONAIS";"LIFEBOX - SETOR OESTE/ GO";"AD HAMB ANGUS 120G";"6";"0";"8";"14";"0,00";"0,00";"72";"0";"96";"72,00";"0";
"ADICIONAIS";"LIFEBOX - SETOR OESTE/ GO";"AD PURE DE BATATA";"5";"0";"1";"6";"3,54";"21,24";"40";"0";"12";"40,00";"0";
"ADICIONAIS";"LIFEBOX - SETOR OESTE/ GO";"AD CAESAR SALAD";"4";"0";"2";"6";"3,97";"23,82";"66";"0";"36";"66,00";"47";
"ADICIONAIS";"LIFEBOX - SETOR OESTE/ GO";"AD ALFACE E TOMATE";"56";"1";"0";"57";"0,67";"38,19";"168";"3";"0";"171,00";"0";
"ADICIONAIS";"LIFEBOX - SETOR OESTE/ GO";"AD PARMEGIANA FRANGO";"2";"0";"1";"3";"10,22";"30,66";"40";"0";"20";"40,00";"0";
"ADICIONAIS";"LIFEBOX - SETOR OESTE/ GO";"AD CHEDDAR CREMOSO PICANTE";"2";"0";"0";"2";"2,13";"4,26";"16";"0";"0";"16,00";"0";
"ADICIONAIS";"LIFEBOX - SETOR OESTE/ GO";"AD PICLES";"49";"54";"8";"111";"0,44";"48,84";"98";"353";"16";"451,00";"28";
"ADICIONAIS";"LIFEBOX - SETOR OESTE/ GO";"AD CEBOLA CARAMELIZADA COM COCA E WHISKY";"1";"0";"0";"1";"0,65";"0,65";"4";"0";"0";"4,00";"0";
"ADICIONAIS";"LIFEBOX - SETOR OESTE/ GO";"AD HAMB ANGUS 170G";"5";"0";"3";"8";"8,30";"66,40";"130";"0";"78";"130,00";"0";
"ADICIONAIS";"LIFEBOX - SETOR OESTE/ GO";"AD CREME DE GORGONZOLA";"4";"2";"1";"7";"2,58";"18,06";"16";"8";"9";"24,00";"0";
"ADICIONAIS";"LIFEBOX - SETOR OESTE/ GO";"AD ONION RINGS";"18";"68";"0";"86";"1,07";"92,02";"144";"476";"0";"620,00";"0";
"ADICIONAIS";"LIFEBOX - SETOR OESTE/ GO";"AD  ARROZ BRANCO";"3";"0";"1";"4";"1,61";"6,44";"17";"0";"5";"17,00";"0";
"ADICIONAIS";"LIFEBOX - SETOR OESTE/ GO";"AD FILE DE FRANGO COM CHIMICHURRI";"1";"0";"3";"4";"5,89";"23,56";"15";"0";"45";"15,00";"0";
"ADICIONAIS";"LIFEBOX - SETOR OESTE/ GO";"AD FILE BOVINO CUBOS 120G";"3";"7";"1";"11";"11,14";"122,54";"57";"196";"25";"253,00";"0";
"ADICIONAIS";"LIFEBOX - SETOR OESTE/ GO";"AD TOMATE";"10";"28";"3";"41";"0,22";"9,02";"20";"82";"6";"102,00";"0";
"ADICIONAIS";"LIFEBOX - SETOR OESTE/ GO";"AD ALFACE";"14";"2";"0";"16";"0,25";"4,00";"27";"4";"0";"31,00";"0";
"ADICIONAIS";"LIFEBOX - SETOR OESTE/ GO";"AD RECHEIO PULLED PORK - 90G";"4";"1";"0";"5";"7,32";"36,60";"57";"19";"0";"76,00";"0";
"ADICIONAIS";"LIFEBOX - SETOR OESTE/ GO";"AD QUEIJO PARMESAO";"3";"4";"1";"8";"2,80";"22,40";"23";"36";"10";"59,00";"0";
"ADICIONAIS";"LIFEBOX - SETOR OESTE/ GO";"AD SORVETE";"1";"0";"0";"1";"0,34";"0,34";"4";"0";"0";"4,00";"0";
"ADICIONAIS";"LIFEBOX - SETOR OESTE/ GO";"PARMEGIANA DE FRANGO - MSP";"0";"0";"2";"2";"7,59";"15,18";"0";"0";"88";"0,00";"0";
"ADICIONAIS";"LIFEBOX - SETOR OESTE/ GO";"AD HAMB  RECH 170G";"1";"0";"1";"2";"8,12";"16,24";"26";"0";"26";"26,00";"0";
"ADICIONAIS";"LIFEBOX - SETOR OESTE/ GO";"AD CEBOLA CARAMELIZADA";"1";"0";"0";"1";"0,83";"0,83";"3";"0";"0";"3,00";"0";
"ADICIONAIS";"LIFEBOX - SETOR OESTE/ GO";"AD MOLHO DA CASA";"3";"216";"0";"219";"1,12";"245,28";"12";"648";"0";"660,00";"0";
"ADICIONAIS";"LIFEBOX - SETOR OESTE/ GO";"MILANESA BOVINA - MSP";"0";"0";"0";"0";"10,62";"0,00";"0";"0";"0";"0,00";"1";
"ADICIONAIS";"LIFEBOX - SETOR OESTE/ GO";"AD BLEND DE QUEIJOS EMPANADO 120G";"23";"4";"0";"27";"6,72";"181,44";"276";"48";"0";"324,00";"1";
"ADICIONAIS";"LIFEBOX - SETOR OESTE/ GO";"FETTUCCINE AO ALFREDO - MSP";"0";"0";"0";"0";"6,55";"0,00";"0";"0";"0";"0,00";"1";
"ADICIONAIS";"LIFEBOX - SETOR OESTE/ GO";"COPO AGRIDOCE";"2";"0";"0";"2";"3,05";"6,10";"10";"0";"0";"10,00";"0";
"ADICIONAIS";"LIFEBOX - SETOR OESTE/ GO";"AD MOLHO KETCHUP DE GOIABA";"1";"314";"0";"315";"0,66";"207,90";"4";"942";"0";"946,00";"0";
"ADICIONAIS";"LIFEBOX - SETOR OESTE/ GO";"AD DOCE DE LEITE";"0";"0";"1";"1";"5,49";"5,49";"0";"0";"17";"0,00";"0";
"ADICIONAIS";"LIFEBOX - SETOR OESTE/ GO";"AD FRITAS";"17";"0";"0";"17";"1,51";"25,67";"170";"0";"0";"170,00";"0";
"ADICIONAIS";"LIFEBOX - SETOR OESTE/ GO";"AD COBERTURA FRUTAS VERMELHAS";"85";"1";"11";"97";"2,39";"231,83";"0";"0";"0";"0,00";"0";
"ADICIONAIS";"LIFEBOX - SETOR OESTE/ GO";"AD CRUMBLE DE CASTANHAS";"26";"0";"3";"29";"4,97";"144,13";"0";"0";"0";"0,00";"0";
"ADICIONAIS";"LIFEBOX - SETOR OESTE/ GO";"AD CRISPY ONIONS";"7";"2";"0";"9";"2,27";"20,43";"14";"4";"0";"18,00";"0";
"ADICIONAIS";"LIFEBOX - SETOR OESTE/ GO";"AD LEITE CONDENSADO";"31";"0";"3";"34";"2,48";"84,32";"248";"0";"24";"248,00";"0";
"ADICIONAIS";"LIFEBOX - SETOR OESTE/ GO";"COBERTURA CRUMBLE";"19";"0";"1";"20";"4,82";"96,40";"0";"0";"0";"0,00";"0";
"ADICIONAIS";"LIFEBOX - SETOR OESTE/ GO";"AD MUÇARELA FATIA";"3";"36";"0";"39";"2,87";"111,93";"24";"300";"0";"324,00";"0";
"ADICIONAIS";"LIFEBOX - SETOR OESTE/ GO";"AD FETTUCCINE ALHO E OLEO";"1";"0";"0";"1";"2,94";"2,94";"26";"0";"0";"26,00";"0";
"ADICIONAIS";"LIFEBOX - SETOR OESTE/ GO";"AD RUCULA";"13";"1";"0";"14";"0,96";"13,44";"26";"2";"0";"28,00";"0";
"ADICIONAIS";"LIFEBOX - SETOR OESTE/ GO";"AD QUEIJO ESTEPE";"2";"0";"0";"2";"1,71";"3,42";"16";"0";"0";"16,00";"0";
"ADICIONAIS";"LIFEBOX - SETOR OESTE/ GO";"AD LEGUMES SALTEADOS";"1";"0";"0";"1";"2,00";"2,00";"10";"0";"0";"10,00";"0";
"ADICIONAIS";"LIFEBOX - SETOR OESTE/ GO";"AD CHEDDAR FATIA";"1";"24";"0";"25";"1,33";"33,25";"8";"192";"0";"200,00";"0";
"ADICIONAIS";"LIFEBOX - SETOR OESTE/ GO";"FETTUCCINE ALHO E OLEO MSP";"0";"0";"0";"0";"2,94";"0,00";"0";"0";"0";"0,00";"1";
"ADICIONAIS";"LIFEBOX - SETOR OESTE/ GO";"ALFACE E TOMATE- MSP";"0";"0";"0";"0";"0,44";"0,00";"0";"0";"0";"0,00";"1";
"ADICIONAIS";"LIFEBOX - SETOR OESTE/ GO";"PURE DE BATATA- MSP";"1";"0";"1";"2";"3,54";"7,08";"6";"0";"0";"6,00";"1";
"ADICIONAIS";"LIFEBOX - SETOR OESTE/ GO";"FETTUCCINE COM MOLHO POMODORO - MSP";"0";"0";"1";"1";"5,58";"5,58";"0";"0";"0";"0,00";"0";
"ADICIONAIS";"LIFEBOX - SETOR OESTE/ GO";"BATATA FRITA - MSP";"0";"0";"1";"1";"2,66";"2,66";"0";"0";"0";"0,00";"0";
"ADICIONAIS";"LIFEBOX - SETOR OESTE/ GO";"AD DE FEIJAO";"1";"0";"0";"1";"0,88";"0,88";"10";"0";"0";"10,00";"0";
"ADICIONAIS";"LIFEBOX - SETOR OESTE/ GO";"FILE MIGNON AO MADEIRA E OVO - MSP";"1";"0";"0";"1";"11,03";"11,03";"30";"0";"0";"30,00";"0";
"ADICIONAIS";"LIFEBOX - SETOR OESTE/ GO";"LEGUMES SALTEADOS - MSP";"1";"0";"0";"1";"1,62";"1,62";"6";"0";"0";"6,00";"0";
"ADICIONAIS";"LIFEBOX - SETOR OESTE/ GO";"AD MOLHO GOOD LIFE";"0";"115";"0";"115";"1,04";"119,60";"0";"345";"0";"345,00";"0";
"ADICIONAIS";"LIFEBOX - SETOR OESTE/ GO";"AD MOLHO GARLIC";"0";"248";"0";"248";"0,93";"230,64";"0";"744";"0";"744,00";"0";
"ADICIONAIS";"LIFEBOX - SETOR OESTE/ GO";"AD MOLHO KETCHUP DE GOIABA GRATIS";"0";"1223";"0";"1223";"0,27";"330,21";"0";"0";"0";"0,00";"0";
"ADICIONAIS";"LIFEBOX - SETOR OESTE/ GO";"AD MOLHO GARLIC GRATIS";"0";"2188";"0";"2188";"0,32";"700,16";"0";"0";"0";"0,00";"0";
"ADICIONAIS";"LIFEBOX - SETOR OESTE/ GO";"AD MOLHO DA CASA GRATIS";"0";"2133";"0";"2133";"0,19";"405,27";"0";"0";"0";"0,00";"0";
"ADICIONAIS";"LIFEBOX - SETOR OESTE/ GO";"AD MOLHO GOOD LIFE GRATIS";"0";"491";"0";"491";"0,34";"166,94";"0";"0";"0";"0,00";"0";
"ADICIONAIS";"LIFEBOX - SETOR OESTE/ GO";"NAO QUERO MOLHO EXTRA";"0";"398";"0";"398";"0,00";"0,00";"0";"0";"0";"0,00";"0";
"ALEM DA CAIXA";"LIFEBOX - SETOR OESTE/ GO";"BONE LIFEBOX -  LANCAMENTO";"0";"0";"0";"0";"30,84";"0,00";"0";"0";"0";"0,00";"2";
"ALMOCO BOM E BARATO";"LIFEBOX - SETOR OESTE/ GO";"FRANGO AO MOLHO DE QUEIJOS COM FETTUCCINE ALHO E OLEO.";"0";"266";"0";"266";"10,56";"2.808,96";"0";"9283";"0";"9.283,40";"0";
"ALMOCO BOM E BARATO";"LIFEBOX - SETOR OESTE/ GO";"FRANGO MILANESA COM MOLHO CREMOSO.";"0";"151";"0";"151";"8,89";"1.342,39";"0";"5572";"0";"5.571,90";"0";
"ALMOCO BOM E BARATO";"LIFEBOX - SETOR OESTE/ GO";"FETTUCCINE AO MOLHO ALFREDO COM MILANESA DE FRANGO.";"0";"717";"0";"717";"10,52";"7.542,84";"0";"23589";"0";"23.589,30";"0";
"ALMOCO BOM E BARATO";"LIFEBOX - SETOR OESTE/ GO";"FETTUCCINE   AO MOLHO POMODORO COM FRANGO A MILANESA.";"0";"169";"0";"169";"8,43";"1.424,67";"0";"5560";"0";"5.560,10";"0";
"BAIXA CALORIA NO LIFE";"LIFEBOX - SETOR OESTE/ GO";"FRESH FILE SALAD";"0";"0";"8";"8";"16,06";"128,48";"0";"0";"416";"0,00";"0";
"BAIXA CALORIA NO LIFE";"LIFEBOX - SETOR OESTE/ GO";"PINK ZERO";"0";"0";"4";"4";"3,97";"15,88";"0";"0";"100";"0,00";"0";
"BAIXA CALORIA NO LIFE";"LIFEBOX - SETOR OESTE/ GO";"MIX ZERO";"0";"0";"4";"4";"9,96";"39,84";"0";"0";"100";"0,00";"0";
"BAIXA CALORIA NO LIFE";"LIFEBOX - SETOR OESTE/ GO";"BRAVO BURGER";"0";"0";"5";"5";"13,89";"69,45";"0";"0";"260";"0,00";"0";
"BAIXA CALORIA NO LIFE";"LIFEBOX - SETOR OESTE/ GO";"BRAVO CHICKEN";"0";"0";"4";"4";"7,99";"31,96";"0";"0";"196";"0,00";"0";
"BAIXA CALORIA NO LIFE";"LIFEBOX - SETOR OESTE/ GO";"YELLOW ZERO";"1";"0";"0";"1";"3,85";"3,85";"19";"0";"0";"19,00";"0";
"BEBIDAS";"LIFEBOX - SETOR OESTE/ GO";"REFRIGERANTES LATA";"1392";"0";"38";"1430";"0,00";"0,00";"480";"0";"0";"479,88";"39";
"BEBIDAS";"LIFEBOX - SETOR OESTE/ GO";"COCA COLA KS ZERO";"438";"0";"7";"445";"3,29";"1.464,05";"4380";"0";"70";"4.379,99";"18";
"BEBIDAS";"LIFEBOX - SETOR OESTE/ GO";"PINK LEMONADE";"182";"0";"11";"193";"4,95";"955,35";"3458";"0";"209";"3.457,98";"2";
"BEBIDAS";"LIFEBOX - SETOR OESTE/ GO";"REFIL DE REFRIGERANTE";"2107";"0";"20";"2127";"0,00";"0,00";"37926";"0";"360";"37.926,00";"47";
"BEBIDAS";"LIFEBOX - SETOR OESTE/ GO";"AGUA SEM GAS 500ML";"457";"5";"9";"471";"1,43";"673,53";"2736";"40";"54";"2.776,00";"3";
"BEBIDAS";"LIFEBOX - SETOR OESTE/ GO";"SUCO COMBINADO";"465";"0";"13";"478";"0,00";"0,00";"9300";"0";"260";"9.299,96";"6";
"BEBIDAS";"LIFEBOX - SETOR OESTE/ GO";"AGUA COM GAS 500ML";"637";"8";"5";"650";"1,64";"1.066,00";"4442";"72";"35";"4.513,92";"15";
"BEBIDAS";"LIFEBOX - SETOR OESTE/ GO";"SUCO DE LARANJA";"578";"98";"15";"691";"3,10";"2.142,10";"5228";"908";"90";"6.135,50";"21";
"BEBIDAS";"LIFEBOX - SETOR OESTE/ GO";"SUCO DE LIMAO 300 ML COLABORADOR";"97";"0";"163";"260";"1,95";"507,00";"0";"0";"0";"0,00";"3";
"BEBIDAS";"LIFEBOX - SETOR OESTE/ GO";"SUCO DE MORANGO";"199";"52";"10";"261";"2,55";"665,55";"3611";"962";"180";"4.573,00";"6";
"BEBIDAS";"LIFEBOX - SETOR OESTE/ GO";"SUCO DE MARACUJA";"243";"56";"10";"309";"5,67";"1.752,03";"4462";"980";"180";"5.442,00";"61";
"BEBIDAS";"LIFEBOX - SETOR OESTE/ GO";"H2O LIMONETO";"123";"7";"3";"133";"4,49";"597,17";"1476";"63";"36";"1.538,97";"7";
"BEBIDAS";"LIFEBOX - SETOR OESTE/ GO";"LIMONADA SUIÇA";"352";"58";"4";"414";"3,93";"1.627,02";"5632";"1015";"64";"6.646,79";"7";
"BEBIDAS";"LIFEBOX - SETOR OESTE/ GO";"SUCO DE AMORA";"38";"16";"1";"55";"4,54";"249,70";"684";"296";"18";"980,00";"0";
"BEBIDAS";"LIFEBOX - SETOR OESTE/ GO";"SUCO DE LIMAO";"96";"12";"1";"109";"4,56";"497,04";"1198";"83";"15";"1.280,50";"0";
"BEBIDAS";"LIFEBOX - SETOR OESTE/ GO";"REFIL - COLECIONAVEIS";"33";"0";"0";"33";"0,00";"0,00";"759";"0";"0";"759,00";"5";
"BEBIDAS";"LIFEBOX - SETOR OESTE/ GO";"VINTAGE DRINK";"50";"0";"2";"52";"6,93";"360,36";"1300";"0";"52";"1.299,92";"0";
"BEBIDAS";"LIFEBOX - SETOR OESTE/ GO";"COCA COLA KS";"239";"0";"3";"242";"3,30";"798,60";"2390";"0";"30";"2.390,00";"20";
"BEBIDAS";"LIFEBOX - SETOR OESTE/ GO";"SUCO ABACAXI HORTELA";"110";"15";"2";"127";"4,02";"510,54";"1980";"263";"36";"2.242,50";"1";
"BEBIDAS";"LIFEBOX - SETOR OESTE/ GO";"SUCO FRUTAS VERMELHAS";"96";"46";"2";"144";"3,55";"511,20";"1920";"897";"40";"2.817,00";"1";
"BEBIDAS";"LIFEBOX - SETOR OESTE/ GO";"MENU KIDS - SUCO DE LARANJA";"25";"0";"0";"25";"1,54";"38,50";"0";"0";"0";"0,00";"0";
"BEBIDAS";"LIFEBOX - SETOR OESTE/ GO";"ENERGETICO MONSTER";"7";"5";"4";"16";"9,72";"155,52";"175";"98";"100";"272,50";"4";
"BEBIDAS";"LIFEBOX - SETOR OESTE/ GO";"AGUA COM GAS COPO";"11";"0";"0";"11";"0,00";"0,00";"121";"0";"0";"121,00";"2";
"BEBIDAS";"LIFEBOX - SETOR OESTE/ GO";"ENERGETICO MONSTER ZERO";"6";"0";"2";"8";"1,33";"10,64";"150";"0";"50";"150,00";"0";
"BEBIDAS";"LIFEBOX - SETOR OESTE/ GO";"COCA COLA LATA";"407";"0";"4";"411";"3,42";"1.405,62";"4070";"0";"40";"4.070,00";"13";
"BEBIDAS";"LIFEBOX - SETOR OESTE/ GO";"REFIL SPRITE (INDIVIDUAL)";"177";"0";"1";"178";"1,31";"233,18";"11";"0";"0";"11,00";"0";
"BEBIDAS";"LIFEBOX - SETOR OESTE/ GO";"MORANGO CONGELADO";"430";"59";"11";"500";"0,00";"0,00";"0";"0";"0";"0,00";"2";
"BEBIDAS";"LIFEBOX - SETOR OESTE/ GO";"COCA COLA ZERO LATA";"752";"0";"29";"781";"3,54";"2.764,74";"7520";"0";"290";"7.520,00";"17";
"BEBIDAS";"LIFEBOX - SETOR OESTE/ GO";"REFIL COCA COLA ZERO (INDIVIDUAL)";"997";"0";"11";"1008";"3,92";"3.951,36";"22";"0";"0";"22,00";"24";
"BEBIDAS";"LIFEBOX - SETOR OESTE/ GO";"REFIL COCA COLA (INDIVIDUAL)";"780";"0";"7";"787";"2,34";"1.841,58";"77";"0";"0";"77,00";"21";
"BEBIDAS";"LIFEBOX - SETOR OESTE/ GO";"REFIL FANTA GUARANA (INDIVIDUAL)";"84";"0";"0";"84";"1,31";"110,04";"0";"0";"0";"0,00";"0";
"BEBIDAS";"LIFEBOX - SETOR OESTE/ GO";"SEM GELO";"48";"0";"0";"48";"0";"0";"0";"0,00";"1";
"BEBIDAS";"LIFEBOX - SETOR OESTE/ GO";"POLPA MARACUJÁ";"222";"37";"4";"263";"0,00";"0,00";"0";"0";"0";"0,00";"2";
"BEBIDAS";"LIFEBOX - SETOR OESTE/ GO";"REFIL FANTA LARANJA (INDIVIDUAL)";"78";"0";"0";"78";"1,31";"102,18";"11";"0";"0";"11,00";"1";
"BEBIDAS";"LIFEBOX - SETOR OESTE/ GO";"SCHWEPPES CITRUS LATA";"31";"0";"0";"31";"3,55";"110,05";"310";"0";"0";"310,00";"0";
"BEBIDAS";"LIFEBOX - SETOR OESTE/ GO";"FANTA GUARANA LATA";"55";"0";"4";"59";"3,25";"191,75";"550";"0";"40";"550,00";"1";
"BEBIDAS";"LIFEBOX - SETOR OESTE/ GO";"SPRITE LATA";"41";"0";"0";"41";"3,29";"134,89";"410";"0";"0";"410,00";"0";
"BEBIDAS";"LIFEBOX - SETOR OESTE/ GO";"REFIL AGUA COM GAS";"45";"0";"1";"46";"0,00";"0,00";"0";"0";"0";"0,00";"2";
"BEBIDAS";"LIFEBOX - SETOR OESTE/ GO";"SEM AÇUCAR";"107";"0";"1";"108";"0";"0";"0";"0,00";"0";
"BEBIDAS";"LIFEBOX - SETOR OESTE/ GO";"FANTA LARANJA LATA";"40";"0";"1";"41";"3,43";"140,63";"400";"0";"10";"400,00";"0";
"BEBIDAS";"LIFEBOX - SETOR OESTE/ GO";"VODKA";"8";"0";"0";"8";"0,00";"0,00";"56";"0";"0";"56,00";"0";
"BEBIDAS";"LIFEBOX - SETOR OESTE/ GO";"POLPA DE AMORA";"23";"21";"2";"46";"0,00";"0,00";"0";"0";"0";"0,00";"0";
"BEBIDAS";"LIFEBOX - SETOR OESTE/ GO";"PARA VIAGEM";"267";"0";"370";"637";"0";"0";"0";"0,00";"6";
"BEBIDAS";"LIFEBOX - SETOR OESTE/ GO";"SCHWEPPES TONICA LATA";"18";"0";"0";"18";"3,70";"66,60";"180";"0";"0";"180,00";"0";
"BEBIDAS";"LIFEBOX - SETOR OESTE/ GO";"ABACAXI";"2";"4";"0";"6";"0,00";"0,00";"0";"0";"0";"0,00";"0";
"BEBIDAS";"LIFEBOX - SETOR OESTE/ GO";"COPO AGRIDOCE";"6";"0";"0";"6";"3,05";"18,30";"0";"0";"0";"0,00";"0";
"BEBIDAS";"LIFEBOX - SETOR OESTE/ GO";"COPO TRADICIONAL";"9";"0";"0";"9";"3,20";"28,80";"0";"0";"0";"0,00";"0";
"BEBIDAS";"LIFEBOX - SETOR OESTE/ GO";"GIN";"3";"0";"0";"3";"6,39";"19,17";"27";"0";"0";"27,00";"0";
"BEBIDAS";"LIFEBOX - SETOR OESTE/ GO";"GELO E LIMÃO NO COPO";"1";"0";"0";"1";"0";"0";"0";"0,00";"0";
"BEBIDAS";"LIFEBOX - SETOR OESTE/ GO";"COCA COLA ZERO COPO";"25";"0";"0";"25";"3,92";"98,00";"275";"0";"0";"275,00";"0";
"BEBIDAS";"LIFEBOX - SETOR OESTE/ GO";"FANTA LARANJA COPO";"2";"0";"0";"2";"3,92";"7,84";"22";"0";"0";"22,00";"0";
"BEBIDAS";"LIFEBOX - SETOR OESTE/ GO";"COCA COLA COPO";"6";"0";"0";"6";"2,34";"14,04";"66";"0";"0";"66,00";"0";
"BEBIDAS";"LIFEBOX - SETOR OESTE/ GO";"FANTA GUARANA COPO";"1";"0";"0";"1";"3,92";"3,92";"11";"0";"0";"11,00";"0";
"BEBIDAS";"LIFEBOX - SETOR OESTE/ GO";"SPRITE COPO";"1";"0";"0";"1";"3,92";"3,92";"11";"0";"0";"11,00";"0";
"BEBIDAS";"LIFEBOX - SETOR OESTE/ GO";"SUCO COMBINADO DELIVERY";"0";"82";"0";"82";"1,33";"109,06";"0";"1881";"0";"1.881,00";"0";
"BEBIDAS";"LIFEBOX - SETOR OESTE/ GO";"REFRI LATA DELIVERY";"0";"685";"0";"685";"0,00";"0,00";"0";"6850";"0";"6.850,00";"0";
"BEBIDAS";"LIFEBOX - SETOR OESTE/ GO";"BEBIDAS DIVERSAS DELIVERY";"0";"25";"0";"25";"0,00";"0,00";"0";"0";"0";"0,00";"0";
"BEBIDAS";"LIFEBOX - SETOR OESTE/ GO";"SUCO DELIVERY";"0";"303";"0";"303";"1,33";"402,99";"0";"0";"0";"0,00";"0";
"BEBIDAS ALCOOLICAS";"LIFEBOX - SETOR OESTE/ GO";"CHOPP HEINEKEN";"1343";"0";"36";"1379";"5,05";"6.963,95";"21512";"0";"576";"21.511,97";"69";
"BEBIDAS ALCOOLICAS";"LIFEBOX - SETOR OESTE/ GO";"PASSION DRINK";"28";"0";"5";"33";"16,87";"556,71";"980";"0";"175";"979,92";"0";
"BEBIDAS ALCOOLICAS";"LIFEBOX - SETOR OESTE/ GO";"PREPARO DE COZUMEL";"31";"0";"0";"31";"0,70";"21,70";"155";"0";"0";"155,00";"2";
"BEBIDAS ALCOOLICAS";"LIFEBOX - SETOR OESTE/ GO";"HEINEKEN LONG NECK";"61";"0";"3";"64";"6,13";"392,32";"976";"0";"48";"976,00";"8";
"BEBIDAS ALCOOLICAS";"LIFEBOX - SETOR OESTE/ GO";"GIN TONICA CRANBERRY";"10";"0";"0";"10";"11,06";"110,60";"398";"0";"0";"398,00";"0";
"BEBIDAS ALCOOLICAS";"LIFEBOX - SETOR OESTE/ GO";"PINK LEMONADE MIX";"25";"0";"3";"28";"6,71";"187,88";"875";"0";"105";"875,00";"1";
"BEBIDAS ALCOOLICAS";"LIFEBOX - SETOR OESTE/ GO";"DOSE JACK";"9";"0";"0";"9";"8,22";"73,98";"180";"0";"0";"180,00";"0";
"BEBIDAS ALCOOLICAS";"LIFEBOX - SETOR OESTE/ GO";"TROPICAL SUNSET";"19";"0";"1";"20";"10,18";"203,60";"665";"0";"35";"665,00";"0";
"BEBIDAS ALCOOLICAS";"LIFEBOX - SETOR OESTE/ GO";"COZUMEL HEINEKEN";"67";"0";"2";"69";"5,28";"364,32";"1254";"0";"38";"1.254,00";"5";
"BEBIDAS ALCOOLICAS";"LIFEBOX - SETOR OESTE/ GO";"DOSE CACHACA";"4";"0";"0";"4";"2,52";"10,08";"56";"0";"0";"56,00";"0";
"BEBIDAS ALCOOLICAS";"LIFEBOX - SETOR OESTE/ GO";"DOSE GIN";"5";"0";"0";"5";"6,39";"31,95";"90";"0";"0";"90,00";"0";
"CAIPIRINHAS E CAIPIROSCAS";"LIFEBOX - SETOR OESTE/ GO";"CAIPIRINHA DE AMORA";"9";"0";"0";"9";"5,70";"51,30";"225";"0";"0";"225,00";"0";
"CAIPIRINHAS E CAIPIROSCAS";"LIFEBOX - SETOR OESTE/ GO";"CAIPIROSCA DE MORANGO";"9";"0";"0";"9";"3,08";"27,72";"243";"0";"0";"243,00";"0";
"CAIPIRINHAS E CAIPIROSCAS";"LIFEBOX - SETOR OESTE/ GO";"CAIPIROSCA DE AMORA";"6";"0";"1";"7";"4,08";"28,56";"162";"0";"27";"162,00";"0";
"CAIPIRINHAS E CAIPIROSCAS";"LIFEBOX - SETOR OESTE/ GO";"CAIPIRINHA DE LIMAO";"11";"0";"0";"11";"5,54";"60,94";"275";"0";"0";"275,00";"0";
"CAIPIRINHAS E CAIPIROSCAS";"LIFEBOX - SETOR OESTE/ GO";"CAIPIRINHA DE MARACUJA";"5";"0";"0";"5";"7,10";"35,50";"125";"0";"0";"125,00";"0";
"CAIPIRINHAS E CAIPIROSCAS";"LIFEBOX - SETOR OESTE/ GO";"CAIPIROSCA DE LIMAO";"14";"0";"0";"14";"3,05";"42,70";"378";"0";"0";"378,00";"0";
"CAIPIRINHAS E CAIPIROSCAS";"LIFEBOX - SETOR OESTE/ GO";"CAIPIRINHA DE MORANGO";"13";"0";"0";"13";"4,70";"61,10";"325";"0";"0";"325,00";"0";
"CAIPIRINHAS E CAIPIROSCAS";"LIFEBOX - SETOR OESTE/ GO";"CAIPIROSCA DE ABACAXI";"2";"0";"0";"2";"5,49";"10,98";"54";"0";"0";"54,00";"0";
"CAIPIRINHAS E CAIPIROSCAS";"LIFEBOX - SETOR OESTE/ GO";"CAIPIRINHA DE ABACAXI";"2";"0";"0";"2";"7,11";"14,22";"50";"0";"0";"50,00";"0";
"CAIPIRINHAS E CAIPIROSCAS";"LIFEBOX - SETOR OESTE/ GO";"CAIPIROSCA DE MARACUJA";"3";"0";"0";"3";"5,48";"16,44";"81";"0";"0";"81,00";"0";
"COMBO LIFE DO DIA";"LIFEBOX - SETOR OESTE/ GO";"TRADICIONAL + FRITAS + REFRI LATA";"0";"50";"0";"50";"21,49";"1.074,50";"0";"3895";"0";"3.895,00";"0";
"COMBO LIFE DO DIA";"LIFEBOX - SETOR OESTE/ GO";"SIMPLES + FRITAS + REFRI LATA";"0";"42";"0";"42";"21,36";"897,12";"0";"3104";"0";"3.103,80";"0";
"COMBO LIFE DO DIA";"LIFEBOX - SETOR OESTE/ GO";"SMASH LIFE DUPLO + FRITAS + REFRI LATA";"0";"33";"0";"33";"18,48";"609,84";"0";"2241";"0";"2.240,70";"0";
"COMBO LIFE DO DIA";"LIFEBOX - SETOR OESTE/ GO";"AGRIDOCE + FRITAS + REFRI LATA";"0";"21";"0";"21";"22,47";"471,87";"0";"1573";"0";"1.572,90";"0";
"COMBO LIFE DO DIA";"LIFEBOX - SETOR OESTE/ GO";"PICANHA PREMIUM + FRITAS + REFRI LATA";"0";"55";"0";"55";"22,93";"1.261,15";"0";"4395";"0";"4.394,50";"0";
"COMBOS COM COCA COLA";"LIFEBOX - SETOR OESTE/ GO";"RETRO + COCA COLA LATA";"0";"214";"0";"214";"15,56";"3.329,84";"0";"12624";"0";"12.623,86";"0";
"COMBOS COM COCA COLA";"LIFEBOX - SETOR OESTE/ GO";"PARMEGIANA DE  FRANGO + COCA COLA LATA";"0";"22";"0";"22";"11,66";"256,52";"0";"1142";"0";"1.141,80";"0";
"COMBOS COM COCA COLA";"LIFEBOX - SETOR OESTE/ GO";"TEXANO + COCA COLA LATA";"0";"145";"0";"145";"13,63";"1.976,35";"0";"8699";"0";"8.698,55";"0";
"COMBOS COM COCA COLA";"LIFEBOX - SETOR OESTE/ GO";"CHURRASCO BURGER + COCA COLA LATA";"0";"151";"0";"151";"17,91";"2.704,41";"0";"10417";"0";"10.417,49";"0";
"COMBOS COM COCA COLA";"LIFEBOX - SETOR OESTE/ GO";"FRANGO BURGER + COCA COLA LATA";"0";"86";"0";"86";"11,53";"991,58";"0";"4299";"0";"4.299,14";"0";
"DIFERENTOES";"LIFEBOX - SETOR OESTE/ GO";"PICANTE BURGER";"90";"2";"6";"98";"16,18";"1.585,64";"4950";"116";"330";"5.066,00";"1";
"DIFERENTOES";"LIFEBOX - SETOR OESTE/ GO";"SIMPLES";"378";"7";"12";"397";"15,30";"6.074,10";"17766";"343";"564";"18.108,98";"3";
"DIFERENTOES";"LIFEBOX - SETOR OESTE/ GO";"FRANGO BURGER";"172";"8";"13";"193";"9,62";"1.856,66";"6680";"336";"520";"7.016,00";"11";
"DIFERENTOES";"LIFEBOX - SETOR OESTE/ GO";"CHURRASCO BURGER";"319";"2";"7";"328";"17,14";"5.621,92";"18560";"120";"406";"18.680,00";"11";
"DIFERENTOES";"LIFEBOX - SETOR OESTE/ GO";"GORGON";"272";"8";"6";"286";"15,30";"4.375,80";"13872";"424";"306";"14.296,00";"2";
"DIFERENTOES";"LIFEBOX - SETOR OESTE/ GO";"AMERICAN BURGER";"152";"1";"13";"166";"15,08";"2.503,28";"5701";"51";"637";"5.752,00";"0";
"DIFERENTOES";"LIFEBOX - SETOR OESTE/ GO";"QUEIJO A MILANESA";"76";"4";"1";"81";"10,05";"814,05";"2975";"168";"40";"3.143,00";"0";
"DIFERENTOES";"LIFEBOX - SETOR OESTE/ GO";"SEM EMPANAR";"31";"46";"8";"85";"0,00";"0,00";"0";"0";"0";"0,00";"2";
"DIFERENTOES";"LIFEBOX - SETOR OESTE/ GO";"EMPANAR";"134";"137";"5";"276";"0,65";"179,40";"0";"0";"0";"0,00";"3";
"DIFERENTOES";"LIFEBOX - SETOR OESTE/ GO";"MINI PICANTE";"47";"0";"0";"47";"3,27";"153,69";"0";"0";"0";"0,00";"0";
"DIFERENTOES";"LIFEBOX - SETOR OESTE/ GO";"HAMBURGUER ANGUS 170G";"8";"64";"0";"72";"5,36";"385,92";"157";"1292";"0";"1.449,00";"1";
"DIFERENTOES";"LIFEBOX - SETOR OESTE/ GO";"PARA VIAGEM";"267";"0";"370";"637";"0";"0";"0";"0,00";"6";
"DIFERENTOES";"LIFEBOX - SETOR OESTE/ GO";"HAMBURGER DE FRANGO 150G";"2";"1";"0";"3";"1,43";"4,29";"18";"9";"0";"27,00";"0";
"DIFERENTOES";"LIFEBOX - SETOR OESTE/ GO";"GORGON.";"0";"84";"0";"84";"15,30";"1.285,20";"0";"4536";"0";"4.536,00";"0";
"DIFERENTOES";"LIFEBOX - SETOR OESTE/ GO";"AMERICAN BURGER.";"0";"159";"0";"159";"15,08";"2.397,72";"0";"7441";"0";"7.441,20";"0";
"DIFERENTOES";"LIFEBOX - SETOR OESTE/ GO";"FRANGO BURGER.";"0";"89";"0";"89";"9,62";"856,18";"0";"3827";"0";"3.827,00";"0";
"DIFERENTOES";"LIFEBOX - SETOR OESTE/ GO";"QUEIJO A MILANESA.";"0";"34";"0";"34";"10,05";"341,70";"0";"1462";"0";"1.462,00";"0";
"DIFERENTOES";"LIFEBOX - SETOR OESTE/ GO";"PICANTE BURGER.";"0";"51";"0";"51";"16,18";"825,18";"0";"3009";"0";"3.009,00";"0";
"DIFERENTOES";"LIFEBOX - SETOR OESTE/ GO";"CHURRASCO BURGER.";"0";"105";"0";"105";"17,91";"1.880,55";"0";"6405";"0";"6.405,00";"0";
"DIFERENTOES";"LIFEBOX - SETOR OESTE/ GO";"SIMPLES.";"0";"156";"0";"156";"15,30";"2.386,80";"0";"7800";"0";"7.800,00";"0";
"EMPORIO";"LIFEBOX - SETOR OESTE/ GO";"BISNAGA GARLIC";"17";"3";"0";"20";"6,72";"134,40";"396";"66";"0";"462,00";"4";
"EMPORIO";"LIFEBOX - SETOR OESTE/ GO";"BISNAGA KETCHUP DE GOIABA";"23";"2";"1";"26";"4,92";"127,92";"506";"44";"22";"550,00";"1";
"EMPORIO";"LIFEBOX - SETOR OESTE/ GO";"BISNAGA DA CASA";"17";"1";"0";"18";"8,03";"144,54";"374";"22";"0";"396,00";"3";
"EMPORIO";"LIFEBOX - SETOR OESTE/ GO";"BONÉ LIFEBOX - UN";"0";"0";"4";"4";"30,84";"123,36";"0";"0";"200";"0,00";"0";
"EMPORIO";"LIFEBOX - SETOR OESTE/ GO";"BISNAGA GOOD LIFE";"2";"1";"0";"3";"7,49";"22,47";"44";"22";"0";"66,00";"0";
"EMPORIO";"LIFEBOX - SETOR OESTE/ GO";"BISNAGA DA CASA.";"0";"9";"0";"9";"8,03";"72,27";"0";"207";"0";"207,00";"0";
"EMPORIO";"LIFEBOX - SETOR OESTE/ GO";"BISNAGA GARLIC.";"0";"7";"0";"7";"6,72";"47,04";"0";"161";"0";"161,00";"0";
"EMPORIO";"LIFEBOX - SETOR OESTE/ GO";"BISNAGA KETCHUP DE GOIABA.";"0";"13";"0";"13";"4,92";"63,96";"0";"299";"0";"299,00";"0";
"EMPORIO";"LIFEBOX - SETOR OESTE/ GO";"BISNAGA GOOD LIFE.";"0";"2";"0";"2";"7,49";"14,98";"0";"46";"0";"46,00";"0";
"ENTRADAS";"LIFEBOX - SETOR OESTE/ GO";"COXINHA SEM MASSA";"149";"0";"13";"162";"7,39";"1.197,18";"5364";"0";"468";"5.364,00";"3";
"ENTRADAS";"LIFEBOX - SETOR OESTE/ GO";"BUFFALO WINGS";"56";"0";"6";"62";"12,29";"761,98";"3248";"0";"348";"3.247,96";"1";
"ENTRADAS";"LIFEBOX - SETOR OESTE/ GO";"CROQUETTE 4 UNIDADES";"59";"0";"0";"59";"10,03";"591,77";"2360";"0";"0";"2.360,00";"1";
"ENTRADAS";"LIFEBOX - SETOR OESTE/ GO";"CROQUETTE 8 UNIDADES";"43";"2";"12";"57";"18,84";"1.073,88";"2838";"136";"792";"2.974,00";"0";
"ENTRADAS";"LIFEBOX - SETOR OESTE/ GO";"PARA VIAGEM";"267";"0";"370";"637";"0";"0";"0";"0,00";"6";
"ENTRADAS";"LIFEBOX - SETOR OESTE/ GO";"CROQUETTE.";"0";"58";"0";"58";"18,70";"1.084,60";"0";"4002";"0";"4.002,00";"0";
"ENTRADAS";"LIFEBOX - SETOR OESTE/ GO";"BUFFALO WINGS.";"0";"35";"0";"35";"12,29";"430,15";"0";"2135";"0";"2.135,00";"0";
"EXTRAS";"LIFEBOX - SETOR OESTE/ GO";"AD EMBALAGEM";"50";"0";"1";"51";"0,00";"0,00";"2";"0";"0";"2,00";"2";
"EXTRAS";"LIFEBOX - SETOR OESTE/ GO";"EMBALAGEM HAMBURGUEIRA";"37";"0";"1";"38";"1,11";"42,18";"74";"0";"2";"74,00";"2";
"EXTRAS";"LIFEBOX - SETOR OESTE/ GO";"EMBALAGEM ALMOCO";"8";"0";"0";"8";"4,12";"32,96";"16";"0";"0";"16,00";"0";
"EXTRAS";"LIFEBOX - SETOR OESTE/ GO";"EMBALAGEM MEIA";"1";"0";"0";"1";"1,44";"1,44";"2";"0";"0";"2,00";"0";
"FRITAS";"LIFEBOX - SETOR OESTE/ GO";"FRITAS PARMESAO COM ERVAS";"357";"0";"18";"375";"11,83";"4.436,25";"14721";"0";"738";"14.721,35";"22";
"FRITAS";"LIFEBOX - SETOR OESTE/ GO";"FRITAS COM  FILE";"217";"0";"6";"223";"26,54";"5.918,42";"17520";"0";"480";"17.519,82";"5";
"FRITAS";"LIFEBOX - SETOR OESTE/ GO";"FRITAS COM PULLED PORK";"417";"0";"8";"425";"16,09";"6.838,25";"25200";"0";"480";"25.199,92";"19";
"FRITAS";"LIFEBOX - SETOR OESTE/ GO";"FRITAS  COM CHEDDAR E BACON";"361";"0";"10";"371";"18,03";"6.689,13";"20636";"0";"570";"20.635,92";"6";
"FRITAS";"LIFEBOX - SETOR OESTE/ GO";"FRITAS PULLED PORK";"0";"0";"0";"0";"26,01";"0,00";"0";"0";"0";"0,00";"1";
"FRITAS";"LIFEBOX - SETOR OESTE/ GO";"MEIA FRITAS CHEDDAR E BACON";"1";"2";"0";"3";"13,87";"41,61";"57";"130";"0";"187,00";"0";
"FRITAS";"LIFEBOX - SETOR OESTE/ GO";"FRITAS INDIVIDUAL COMBO";"1";"0";"1";"2";"6,41";"12,82";"10";"0";"10";"10,00";"0";
"FRITAS";"LIFEBOX - SETOR OESTE/ GO";"FRITAS PICANTES";"131";"0";"9";"140";"19,62";"2.746,80";"8386";"0";"576";"8.385,93";"5";
"FRITAS";"LIFEBOX - SETOR OESTE/ GO";"FRITAS COM  FRANGO";"140";"0";"7";"147";"14,01";"2.059,47";"7242";"0";"357";"7.242,00";"6";
"FRITAS";"LIFEBOX - SETOR OESTE/ GO";"FRITAS FILE";"1";"0";"0";"1";"55,34";"55,34";"128";"0";"0";"128,00";"1";
"FRITAS";"LIFEBOX - SETOR OESTE/ GO";"FRITAS PICANTE";"1";"0";"0";"1";"31,33";"31,33";"96";"0";"0";"96,00";"0";
"FRITAS";"LIFEBOX - SETOR OESTE/ GO";"MEIA FRITAS CHEDDAR E BACON.";"0";"135";"0";"135";"18,39";"2.482,65";"0";"8505";"0";"8.505,00";"0";
"FRITAS";"LIFEBOX - SETOR OESTE/ GO";"MEIA FRITAS PARMESAO COM ERVAS.";"0";"237";"0";"237";"11,83";"2.803,71";"0";"11139";"0";"11.139,00";"0";
"FRITAS";"LIFEBOX - SETOR OESTE/ GO";"MEIA FRITAS FILE.";"0";"96";"0";"96";"30,54";"2.931,84";"0";"8256";"0";"8.256,00";"0";
"FRITAS";"LIFEBOX - SETOR OESTE/ GO";"MEIA FRITAS PULLED PORK.";"0";"188";"0";"188";"19,63";"3.690,44";"0";"12408";"0";"12.408,00";"0";
"FRITAS";"LIFEBOX - SETOR OESTE/ GO";"MEIA FRITAS PARMESAO COM ERVAS";"0";"3";"0";"3";"11,83";"35,49";"0";"135";"0";"135,00";"0";
"FRITAS";"LIFEBOX - SETOR OESTE/ GO";"MEIA FRITAS PICANTE.";"0";"59";"0";"59";"23,74";"1.400,66";"0";"4130";"0";"4.130,00";"0";
"FRITAS";"LIFEBOX - SETOR OESTE/ GO";"MEIA FRITAS PICANTE";"0";"4";"0";"4";"18,40";"73,60";"0";"276";"0";"276,00";"0";
"FRITAS";"LIFEBOX - SETOR OESTE/ GO";"MEIA FRITAS PULLED PORK";"0";"13";"0";"13";"15,11";"196,43";"0";"845";"0";"845,00";"0";
"FRITAS";"LIFEBOX - SETOR OESTE/ GO";"MEIA FRITAS FILE";"0";"4";"0";"4";"26,02";"104,08";"0";"336";"0";"336,00";"0";
"FRITAS";"LIFEBOX - SETOR OESTE/ GO";"MEIA FRITAS COM PARMESAO";"0";"4";"0";"4";"11,35";"45,40";"0";"176";"0";"176,00";"0";
"GRANDOES";"LIFEBOX - SETOR OESTE/ GO";"DUPLO";"295";"18";"12";"325";"25,88";"8.411,00";"20355";"1242";"828";"21.597,00";"4";
"GRANDOES";"LIFEBOX - SETOR OESTE/ GO";"TRADICIONALZAO";"313";"6";"1";"320";"19,72";"6.310,40";"19093";"378";"61";"19.471,00";"5";
"GRANDOES";"LIFEBOX - SETOR OESTE/ GO";"TRIPLO";"32";"0";"2";"34";"34,90";"1.186,60";"2624";"0";"164";"2.623,99";"1";
"GRANDOES";"LIFEBOX - SETOR OESTE/ GO";"TITAN BURGER";"178";"5";"6";"189";"9,96";"1.882,44";"7580";"255";"270";"7.835,00";"8";
"GRANDOES";"LIFEBOX - SETOR OESTE/ GO";"CARNIVORO";"226";"6";"2";"234";"18,29";"4.279,86";"13108";"360";"116";"13.467,99";"1";
"GRANDOES";"LIFEBOX - SETOR OESTE/ GO";"PARA VIAGEM";"267";"0";"370";"637";"0";"0";"0";"0,00";"6";
"GRANDOES";"LIFEBOX - SETOR OESTE/ GO";"HAMBURGUER ANGUS RECHEADO 240G";"1";"0";"0";"1";"7,96";"7,96";"21";"0";"0";"21,00";"0";
"GRANDOES";"LIFEBOX - SETOR OESTE/ GO";"HAMBURGER SMASH BURGER 80G";"6";"6";"0";"12";"2,56";"30,72";"54";"94";"0";"148,00";"1";
"GRANDOES";"LIFEBOX - SETOR OESTE/ GO";"SOBRECOXA TEMPERADA";"3";"5";"0";"8";"1,83";"14,64";"30";"50";"0";"80,00";"0";
"GRANDOES";"LIFEBOX - SETOR OESTE/ GO";"DUPLO.";"0";"173";"0";"173";"25,88";"4.477,24";"0";"12110";"0";"12.110,00";"0";
"GRANDOES";"LIFEBOX - SETOR OESTE/ GO";"TRADICIONALZAO.";"0";"161";"0";"161";"19,72";"3.174,92";"0";"10304";"0";"10.304,00";"0";
"GRANDOES";"LIFEBOX - SETOR OESTE/ GO";"CARNIVORO.";"0";"82";"0";"82";"18,29";"1.499,78";"0";"5002";"0";"5.002,00";"0";
"GRANDOES";"LIFEBOX - SETOR OESTE/ GO";"TITAN BURGER.";"0";"40";"0";"40";"9,96";"398,40";"0";"2080";"0";"2.080,00";"0";
"HAPPY HOUR";"LIFEBOX - SETOR OESTE/ GO";"HAP. CHOPP HEINEKEN";"235";"0";"12";"247";"5,05";"1.247,35";"1880";"0";"96";"1.880,00";"2";
"HAPPY HOUR";"LIFEBOX - SETOR OESTE/ GO";"HAP COZUMEL";"5";"0";"0";"5";"5,10";"25,50";"45";"0";"0";"44,50";"0";
"HAPPY HOUR";"LIFEBOX - SETOR OESTE/ GO";"HAP. PASSION DRINK";"3";"0";"0";"3";"15,53";"46,59";"54";"0";"0";"54,00";"0";
"HAPPY HOUR";"LIFEBOX - SETOR OESTE/ GO";"HAP CAIPIROSCA DE AMORA";"2";"0";"1";"3";"4,90";"14,70";"27";"0";"14";"27,00";"0";
"HAPPY HOUR";"LIFEBOX - SETOR OESTE/ GO";"HAP PINK LEMONADE MIX";"4";"0";"0";"4";"4,65";"18,60";"70";"0";"0";"70,00";"1";
"HAPPY HOUR";"LIFEBOX - SETOR OESTE/ GO";"HAP TROPICAL SUNSET";"1";"0";"0";"1";"10,18";"10,18";"17";"0";"0";"16,50";"0";
"HAPPY HOUR";"LIFEBOX - SETOR OESTE/ GO";"HAP CAIPIROSCA DE MARACUJA";"3";"0";"0";"3";"5,23";"15,69";"41";"0";"0";"40,50";"0";
"HAPPY HOUR";"LIFEBOX - SETOR OESTE/ GO";"HAP CAIPIRINHA DE MARACUJA";"0";"0";"0";"0";"7,10";"0,00";"0";"0";"0";"0,00";"1";
"HAPPY HOUR";"LIFEBOX - SETOR OESTE/ GO";"HAP. HEINEKEN LONGNECK";"6";"0";"0";"6";"6,13";"36,78";"77";"0";"0";"76,80";"0";
"HAPPY HOUR";"LIFEBOX - SETOR OESTE/ GO";"HAP CAIPIRINHA DE MORANGO";"5";"0";"0";"5";"3,84";"19,20";"63";"0";"0";"62,50";"0";
"HAPPY HOUR";"LIFEBOX - SETOR OESTE/ GO";"HAP CAIPIRINHA DE ABACAXI";"2";"0";"0";"2";"7,11";"14,22";"25";"0";"0";"25,00";"0";
"HAPPY HOUR";"LIFEBOX - SETOR OESTE/ GO";"HAP CAIPIRINHA DE LIMAO";"1";"0";"0";"1";"5,54";"5,54";"13";"0";"0";"12,50";"0";
"HAPPY HOUR";"LIFEBOX - SETOR OESTE/ GO";"HAP CAIPIROSCA DE LIMAO";"1";"0";"0";"1";"3,05";"3,05";"14";"0";"0";"13,50";"0";
"HAPPY HOUR";"LIFEBOX - SETOR OESTE/ GO";"HAP CAIPIRINHA DE AMORA";"1";"0";"0";"1";"5,70";"5,70";"13";"0";"0";"12,50";"0";
"KIDS";"LIFEBOX - SETOR OESTE/ GO";"MENU KIDS";"173";"0";"1";"174";"8,06";"1.402,44";"6920";"0";"40";"6.919,96";"0";
"LASANHA ";"LIFEBOX - SETOR OESTE/ GO";"LASANHA BOLONHESA";"4";"0";"7";"11";"1,63";"17,93";"234";"0";"273";"234,00";"6";
"MENU EXECUTIVO";"LIFEBOX - SETOR OESTE/ GO";"MENU EXECUTIVO ENTRADA";"146";"0";"5";"151";"0,00";"0,00";"0";"0";"0";"0,00";"0";
"MENU EXECUTIVO";"LIFEBOX - SETOR OESTE/ GO";"MENU EXECUTIVO PRATOS";"72";"0";"2";"74";"0,00";"0,00";"5472";"0";"152";"5.472,00";"0";
"MENU EXECUTIVO";"LIFEBOX - SETOR OESTE/ GO";"SOBREMESA MENU EXECUTIVO";"137";"0";"3";"140";"0,00";"0,00";"0";"0";"0";"0,00";"1";
"MENU EXECUTIVO";"LIFEBOX - SETOR OESTE/ GO";"MENU EXECUTIVO BURGER";"66";"0";"1";"67";"0,00";"0,00";"4686";"0";"71";"4.686,00";"0";
"MENU EXECUTIVO";"LIFEBOX - SETOR OESTE/ GO";"MINI CAESAR";"65";"0";"4";"69";"3,24";"223,56";"0";"0";"0";"0,00";"0";
"MENU EXECUTIVO";"LIFEBOX - SETOR OESTE/ GO";"MINI SUAVECITO";"77";"0";"1";"78";"4,39";"342,42";"0";"0";"0";"0,00";"1";
"MENU EXECUTIVO";"LIFEBOX - SETOR OESTE/ GO";"CROQUETTE MENU EXECUTIVO";"33";"0";"1";"34";"2,96";"100,64";"0";"0";"0";"0,00";"0";
"MENU EXECUTIVO";"LIFEBOX - SETOR OESTE/ GO";"HAMBURGUER ANGUS 170G";"8";"64";"0";"72";"5,36";"385,92";"157";"1292";"0";"1.449,00";"1";
"MONTE SEU PRATO";"LIFEBOX - SETOR OESTE/ GO";"MONTE SEU PRATO";"1";"0";"0";"1";"0,00";"0,00";"0";"0";"0";"0,00";"0";
"OS MAIS VENDIDOS";"LIFEBOX - SETOR OESTE/ GO";"PICANHA PREMIUM";"949";"24";"6";"979";"16,87";"16.515,73";"51266";"1320";"324";"52.585,98";"11";
"OS MAIS VENDIDOS";"LIFEBOX - SETOR OESTE/ GO";"RETRO";"562";"23";"10";"595";"15,53";"9.240,35";"28686";"1150";"510";"29.835,94";"24";
"OS MAIS VENDIDOS";"LIFEBOX - SETOR OESTE/ GO";"TRADICIONAL";"914";"23";"13";"950";"15,62";"14.839,00";"46616";"1219";"663";"47.835,00";"4";
"OS MAIS VENDIDOS";"LIFEBOX - SETOR OESTE/ GO";"TEXANO";"332";"10";"5";"347";"15,27";"5.298,69";"16600";"520";"250";"17.120,00";"4";
"OS MAIS VENDIDOS";"LIFEBOX - SETOR OESTE/ GO";"AGRIDOCE";"868";"20";"9";"897";"15,45";"13.858,65";"39458";"1000";"432";"40.458,00";"5";
"OS MAIS VENDIDOS";"LIFEBOX - SETOR OESTE/ GO";"PARA VIAGEM";"267";"0";"370";"637";"0";"0";"0";"0,00";"6";
"OS MAIS VENDIDOS";"LIFEBOX - SETOR OESTE/ GO";"HAMBURGUER ANGUS 170G";"8";"64";"0";"72";"5,36";"385,92";"157";"1292";"0";"1.449,00";"1";
"OS MAIS VENDIDOS";"LIFEBOX - SETOR OESTE/ GO";"HAMBURGER SMASH BURGER 80G";"6";"6";"0";"12";"2,56";"30,72";"54";"94";"0";"148,00";"1";
"OS MAIS VENDIDOS";"LIFEBOX - SETOR OESTE/ GO";"HAMBURGER DE PICANHA 170G";"6";"0";"0";"6";"6,23";"37,38";"156";"0";"0";"156,00";"0";
"OS MAIS VENDIDOS";"LIFEBOX - SETOR OESTE/ GO";"HAMBURGUER ANGUS RECHEADO 170G";"1";"14";"0";"15";"5,50";"82,50";"25";"322";"0";"347,00";"0";
"OS MAIS VENDIDOS";"LIFEBOX - SETOR OESTE/ GO";"TRADICIONAL.";"0";"880";"0";"880";"15,70";"13.816,00";"0";"47520";"0";"47.520,00";"0";
"OS MAIS VENDIDOS";"LIFEBOX - SETOR OESTE/ GO";"PICANHA PREMIUM.";"0";"539";"0";"539";"16,87";"9.092,93";"0";"30184";"0";"30.184,00";"0";
"OS MAIS VENDIDOS";"LIFEBOX - SETOR OESTE/ GO";"AGRIDOCE.";"0";"396";"0";"396";"15,42";"6.106,32";"0";"20196";"0";"20.196,00";"0";
"OS MAIS VENDIDOS";"LIFEBOX - SETOR OESTE/ GO";"RETRO.";"0";"336";"0";"336";"15,53";"5.218,08";"0";"17136";"0";"17.136,00";"0";
"OS MAIS VENDIDOS";"LIFEBOX - SETOR OESTE/ GO";"TEXANO.";"0";"168";"0";"168";"15,27";"2.565,36";"0";"8904";"0";"8.904,00";"0";
"PRATOS";"LIFEBOX - SETOR OESTE/ GO";"MIGNON AO MADEIRA COM FRITAS E GORGONZOLA";"31";"0";"3";"34";"23,97";"814,98";"2294";"0";"222";"2.293,98";"0";
"PRATOS ALMOCO 11H - 16H";"LIFEBOX - SETOR OESTE/ GO";"COMBO UNIFORMIZADOS";"153";"0";"0";"153";"0,00";"0,00";"4510";"0";"0";"4.510,00";"11";
"PRATOS ALMOCO 11H - 16H";"LIFEBOX - SETOR OESTE/ GO";"FRANGO MILANESA EM MOLHO CREMOSO";"70";"0";"4";"74";"7,69";"569,06";"2175";"0";"156";"2.174,50";"1";
"PRATOS ALMOCO 11H - 16H";"LIFEBOX - SETOR OESTE/ GO";"PARMEGIANA DE FRANGO";"105";"2";"6";"113";"11,61";"1.311,93";"4158";"88";"210";"4.245,94";"17";
"PRATOS ALMOCO 11H - 16H";"LIFEBOX - SETOR OESTE/ GO";"FETTUCCINE MOLHO ALFREDO COM MILANESA DE FRANGO";"93";"0";"4";"97";"10,74";"1.041,78";"2412";"0";"160";"2.412,46";"2";
"PRATOS ALMOCO 11H - 16H";"LIFEBOX - SETOR OESTE/ GO";"FETTUCCINE  AO MOLHO POMODORO COM FRANGO A MILANESA";"51";"0";"4";"55";"8,43";"463,65";"1620";"0";"152";"1.619,50";"1";
"PRATOS ALMOCO 11H - 16H";"LIFEBOX - SETOR OESTE/ GO";"NATURAL LIFE";"30";"0";"10";"40";"9,22";"368,80";"1113";"0";"351";"1.112,50";"7";
"PRATOS ALMOCO 11H - 16H";"LIFEBOX - SETOR OESTE/ GO";"BRASILIDADE";"40";"0";"6";"46";"15,08";"693,68";"1619";"0";"294";"1.618,88";"18";
"PRATOS ALMOCO 11H - 16H";"LIFEBOX - SETOR OESTE/ GO";"PARMEGIANA BOVINA";"78";"2";"6";"86";"17,00";"1.462,00";"2862";"114";"324";"2.976,00";"15";
"PRATOS ALMOCO 11H - 16H";"LIFEBOX - SETOR OESTE/ GO";"ALCATRA BOX";"31";"1";"0";"32";"23,55";"753,60";"2015";"69";"0";"2.083,98";"1";
"PRATOS ALMOCO 11H - 16H";"LIFEBOX - SETOR OESTE/ GO";"FRANGO AO MOLHO DE QUEIJOS COM FETTUCCINE ALHO E OLEO";"46";"0";"1";"47";"9,94";"467,18";"1443";"0";"39";"1.443,00";"1";
"PRATOS ALMOCO 11H - 16H";"LIFEBOX - SETOR OESTE/ GO";"BASIC CHICKEN";"35";"0";"1";"36";"8,88";"319,68";"1175";"0";"39";"1.174,50";"2";
"PRATOS ALMOCO 11H - 16H";"LIFEBOX - SETOR OESTE/ GO";"AD CARNE PARMEGIANA 100G";"1";"0";"0";"1";"7,23";"7,23";"29";"0";"0";"29,00";"0";
"PRATOS ALMOCO 11H - 16H";"LIFEBOX - SETOR OESTE/ GO";"PARMEGIANA DE FRANGO.";"0";"315";"0";"315";"11,03";"3.474,45";"0";"14175";"0";"14.175,00";"0";
"PRATOS ALMOCO 11H - 16H";"LIFEBOX - SETOR OESTE/ GO";"NATURAL LIFE.";"0";"16";"0";"16";"9,22";"147,52";"0";"704";"0";"704,00";"0";
"PRATOS ALMOCO 11H - 16H";"LIFEBOX - SETOR OESTE/ GO";"BASIC CHICKEN.";"0";"18";"0";"18";"8,88";"159,84";"0";"810";"0";"810,00";"0";
"PRATOS ALMOCO 11H - 16H";"LIFEBOX - SETOR OESTE/ GO";"PARMEGIANA BOVINA.";"0";"58";"0";"58";"17,01";"986,58";"0";"3364";"0";"3.364,00";"0";
"PRATOS ALMOCO 11H - 16H";"LIFEBOX - SETOR OESTE/ GO";"ALCATRA BOX.";"0";"10";"0";"10";"23,55";"235,50";"0";"700";"0";"700,00";"0";
"PRATOS ALMOCO 11H - 16H";"LIFEBOX - SETOR OESTE/ GO";"BRASILIDADE.";"0";"12";"0";"12";"15,08";"180,96";"0";"636";"0";"636,00";"0";
"SALADAS";"LIFEBOX - SETOR OESTE/ GO";"CAESAR COM FRANGO";"185";"17";"6";"208";"14,04";"2.920,32";"10574";"816";"340";"11.389,96";"1";
"SALADAS";"LIFEBOX - SETOR OESTE/ GO";"PARA VIAGEM";"267";"0";"370";"637";"0";"0";"0";"0,00";"6";
"SALADAS";"LIFEBOX - SETOR OESTE/ GO";"CAESAR COM FRANGO.";"0";"179";"0";"179";"14,49";"2.593,71";"0";"10561";"0";"10.561,00";"0";
"SHAKES CLASSICOS LIFEBOX";"LIFEBOX - SETOR OESTE/ GO";"SHAKE COOKIE CLASSICO";"56";"48";"100";"204";"3,55";"724,20";"1456";"1319";"2600";"2.775,20";"2";
"SHAKES CLASSICOS LIFEBOX";"LIFEBOX - SETOR OESTE/ GO";"SHAKE NINHO CLASSICO";"111";"131";"198";"440";"6,14";"2.701,60";"2886";"3667";"5148";"6.552,58";"5";
"SHAKES CLASSICOS LIFEBOX";"LIFEBOX - SETOR OESTE/ GO";"MENU KIDS- SHAKE COOKIE";"41";"0";"1";"42";"2,22";"93,24";"0";"0";"0";"0,00";"0";
"SHAKES CLASSICOS LIFEBOX";"LIFEBOX - SETOR OESTE/ GO";"SHAKE OVOMALTINE CLASSICO";"150";"74";"163";"387";"6,67";"2.581,29";"4350";"2360";"4727";"6.710,00";"3";
"SHAKES CLASSICOS LIFEBOX";"LIFEBOX - SETOR OESTE/ GO";"MENU KIDS- SHAKE OVOMALTINE";"72";"0";"2";"74";"2,15";"159,10";"0";"0";"0";"0,00";"0";
"SHAKES CLASSICOS LIFEBOX";"LIFEBOX - SETOR OESTE/ GO";"SHAKE PACOCA COM DOCE DE LEITE CLASSICO";"14";"0";"9";"23";"5,16";"118,68";"392";"0";"252";"392,00";"5";
"SHAKES CLASSICOS LIFEBOX";"LIFEBOX - SETOR OESTE/ GO";"MENU KIDS- SHAKE NINHO";"44";"0";"2";"46";"2,27";"104,42";"0";"0";"0";"0,00";"0";
"SHAKES CLASSICOS LIFEBOX";"LIFEBOX - SETOR OESTE/ GO";"PARA VIAGEM";"267";"0";"370";"637";"0";"0";"0";"0,00";"6";
"SHAKES CLASSICOS LIFEBOX";"LIFEBOX - SETOR OESTE/ GO";"CALDA DE FRUTAS VERMELHAS";"2";"4";"0";"6";"23,66";"141,96";"10";"0";"0";"10,00";"0";
"SHAKES CLASSICOS LIFEBOX";"LIFEBOX - SETOR OESTE/ GO";"OREO TRITURADO";"1";"0";"0";"1";"37,00";"37,00";"3";"0";"0";"3,00";"0";
"SHAKES CLASSICOS LIFEBOX";"LIFEBOX - SETOR OESTE/ GO";"NUTELLA";"2";"0";"0";"2";"0,00";"0,00";"6";"0";"0";"6,00";"0";
"SHAKES CLASSICOS LIFEBOX";"LIFEBOX - SETOR OESTE/ GO";"MILK SHAKE LIFEBOX IFOOD";"0";"222";"0";"222";"0,00";"0,00";"0";"0";"0";"0,00";"0";
"SHAKES CLASSICOS LIFEBOX";"LIFEBOX - SETOR OESTE/ GO";"NAO QUERO SHAKE";"0";"85";"0";"85";"0,00";"0,00";"0";"0";"0";"0,00";"0";
"SHAKES PREMIUM LIFEBOX";"LIFEBOX - SETOR OESTE/ GO";"SHAKE  CHOCOLATE BRANCO COM MORANGO PREMIUM";"32";"0";"6";"38";"9,11";"346,18";"992";"0";"186";"992,00";"2";
"SHAKES PREMIUM LIFEBOX";"LIFEBOX - SETOR OESTE/ GO";"SHAKE  COM NINHO PREMIUM";"34";"0";"0";"34";"7,37";"250,58";"1054";"0";"0";"1.054,00";"1";
"SHAKES PREMIUM LIFEBOX";"LIFEBOX - SETOR OESTE/ GO";"SHAKE COOKIE PREMIUM";"28";"0";"2";"30";"8,11";"243,30";"868";"0";"62";"868,00";"1";
"SHAKES PREMIUM LIFEBOX";"LIFEBOX - SETOR OESTE/ GO";"SHAKE OVOMALTINE PREMIUM";"35";"0";"2";"37";"8,38";"310,06";"1085";"0";"62";"1.085,00";"2";
"SHAKES PREMIUM LIFEBOX";"LIFEBOX - SETOR OESTE/ GO";"PARA VIAGEM";"267";"0";"370";"637";"0";"0";"0";"0,00";"6";
"SMASH";"LIFEBOX - SETOR OESTE/ GO";"SMASH KIDS";"241";"7";"16";"264";"6,86";"1.811,04";"7476";"231";"496";"7.706,92";"6";
"SMASH";"LIFEBOX - SETOR OESTE/ GO";"SMASH LIFE DUPLO";"216";"8";"21";"245";"12,20";"2.989,00";"8576";"352";"880";"8.927,96";"5";
"SMASH";"LIFEBOX - SETOR OESTE/ GO";"SMASH LIFE";"659";"15";"61";"735";"7,33";"5.387,55";"21813";"525";"2013";"22.338,00";"11";
"SMASH";"LIFEBOX - SETOR OESTE/ GO";"HAMBURGER SMASH BURGER 80G";"6";"6";"0";"12";"2,56";"30,72";"54";"94";"0";"148,00";"1";
"SMASH";"LIFEBOX - SETOR OESTE/ GO";"PARA VIAGEM";"267";"0";"370";"637";"0";"0";"0";"0,00";"6";
"SMASH";"LIFEBOX - SETOR OESTE/ GO";"HAMBURGER DE PICANHA 170G";"6";"0";"0";"6";"6,23";"37,38";"156";"0";"0";"156,00";"0";
"SMASH";"LIFEBOX - SETOR OESTE/ GO";"HAMBURGUER ANGUS 170G";"8";"64";"0";"72";"5,36";"385,92";"157";"1292";"0";"1.449,00";"1";
"SMASH";"LIFEBOX - SETOR OESTE/ GO";"HAMBURGER DE FRANGO 150G";"2";"1";"0";"3";"1,43";"4,29";"18";"9";"0";"27,00";"0";
"SMASH";"LIFEBOX - SETOR OESTE/ GO";"SOBRECOXA TEMPERADA";"3";"5";"0";"8";"1,83";"14,64";"30";"50";"0";"80,00";"0";
"SMASH";"LIFEBOX - SETOR OESTE/ GO";"SMASH LIFE.";"0";"540";"0";"540";"7,33";"3.958,20";"0";"19440";"0";"19.440,00";"0";
"SMASH";"LIFEBOX - SETOR OESTE/ GO";"SMASH KIDS.";"0";"221";"0";"221";"6,86";"1.516,06";"0";"7514";"0";"7.514,00";"0";
"SMASH";"LIFEBOX - SETOR OESTE/ GO";"SMASH LIFE DUPLO.";"0";"172";"0";"172";"12,20";"2.098,40";"0";"7740";"0";"7.740,00";"0";
"SOBREMESA MAIS DOCE";"LIFEBOX - SETOR OESTE/ GO";"GELATO DE BROWNIE";"88";"0";"3";"91";"17,09";"1.555,19";"4048";"0";"138";"4.048,00";"3";
"SOBREMESA MAIS DOCE";"LIFEBOX - SETOR OESTE/ GO";"BROWNIE COM SORVETE";"122";"0";"23";"145";"14,84";"2.151,80";"5612";"0";"1058";"5.611,98";"2";
"SOBREMESA MAIS DOCE";"LIFEBOX - SETOR OESTE/ GO";"ENCANTO DE UVA";"48";"2";"5";"55";"13,08";"719,40";"2016";"90";"210";"2.106,00";"1";
"SOBREMESA MAIS DOCE";"LIFEBOX - SETOR OESTE/ GO";"CHOCO LIFE";"65";"0";"8";"73";"17,67";"1.289,91";"2990";"0";"368";"2.990,00";"3";
"SOBREMESA MAIS DOCE";"LIFEBOX - SETOR OESTE/ GO";"BRIGADEIRO  BELGA DE COLHER";"41";"0";"2";"43";"4,43";"190,49";"264";"0";"30";"264,00";"2";
"SOBREMESA MAIS DOCE";"LIFEBOX - SETOR OESTE/ GO";"BRIGADEIRO DE NINHO  DE COLHER";"32";"0";"0";"32";"2,31";"73,92";"241";"0";"0";"241,00";"0";
"SOBREMESA MAIS DOCE";"LIFEBOX - SETOR OESTE/ GO";"PARA VIAGEM";"267";"0";"370";"637";"0";"0";"0";"0,00";"6";
"SOBREMESA MAIS DOCE";"LIFEBOX - SETOR OESTE/ GO";"BROWNIE COM BRIGADEIRO";"0";"1";"0";"1";"13,71";"13,71";"0";"46";"0";"46,00";"0";
"SOBREMESA MAIS DOCE";"LIFEBOX - SETOR OESTE/ GO";"BROWNIE COM BRIGADEIRO.";"0";"39";"0";"39";"13,71";"534,69";"0";"1833";"0";"1.833,00";"0";
"SOBREMESA MAIS DOCE";"LIFEBOX - SETOR OESTE/ GO";"ENCANTO DE UVA.";"0";"45";"0";"45";"12,96";"583,20";"0";"2070";"0";"2.070,00";"0";
"SOBREMESA SUAVE";"LIFEBOX - SETOR OESTE/ GO";"MINI CHEESECAKE";"117";"1";"15";"133";"7,03";"934,99";"2133";"29";"351";"2.162,00";"8";
"SOBREMESA SUAVE";"LIFEBOX - SETOR OESTE/ GO";"SUAVECITO";"73";"3";"7";"83";"13,11";"1.088,13";"2847";"117";"273";"2.964,00";"2";
"SOBREMESA SUAVE";"LIFEBOX - SETOR OESTE/ GO";"MENU SOBREMESA";"41";"0";"4";"45";"18,73";"842,85";"2460";"0";"240";"2.460,00";"1";
"SOBREMESA SUAVE";"LIFEBOX - SETOR OESTE/ GO";"MINI SUNDAE";"72";"0";"0";"72";"0,95";"68,40";"677";"0";"0";"676,50";"5";
"SOBREMESA SUAVE";"LIFEBOX - SETOR OESTE/ GO";"PARA VIAGEM";"267";"0";"370";"637";"0";"0";"0";"0,00";"6";
"SOBREMESA SUAVE";"LIFEBOX - SETOR OESTE/ GO";"SUAVECITO.";"0";"32";"0";"32";"9,76";"312,32";"0";"1307";"0";"1.307,20";"0";
"SOBREMESA SUAVE";"LIFEBOX - SETOR OESTE/ GO";"MINI CHEESECAKE.";"0";"13";"0";"13";"7,03";"91,39";"0";"390";"0";"390,00";"0";
"SODAS ITALIANAS";"LIFEBOX - SETOR OESTE/ GO";"SODA DE MAÇA VERDE";"159";"0";"1";"160";"4,09";"654,40";"2544";"0";"16";"2.543,93";"2";
"SODAS ITALIANAS";"LIFEBOX - SETOR OESTE/ GO";"SODA RED CITRUS";"78";"0";"1";"79";"3,07";"242,53";"1248";"0";"16";"1.248,00";"1";
"SODAS ITALIANAS";"LIFEBOX - SETOR OESTE/ GO";"CHA PRETO COM LIMAO SICILIANO";"74";"0";"2";"76";"5,12";"389,12";"1258";"0";"34";"1.258,00";"3";
"SODAS ITALIANAS";"LIFEBOX - SETOR OESTE/ GO";"PARA VIAGEM";"267";"0";"370";"637";"0";"0";"0";"0,00";"6";
